product_id,product_name,brand_id,category_id,model_year,list_price,extraction_timestamp_x,data_source_x,brand_name,extraction_timestamp_y,data_source_y,category_name
1,Trek 820 - 2016,9,6,2016,379.99,2026-04-03T20:36:26,DeltaLake,Trek,2026-04-03T20:36:26,DeltaLake,Mountain Bikes
2,Ritchey Timberwolf Frameset - 2016,5,6,2016,749.99,2026-04-03T20:36:26,DeltaLake,Ritchey,2026-04-03T20:36:26,DeltaLake,Mountain Bikes
3,Surly Wednesday Frameset - 2016,8,6,2016,999.99,2026-04-03T20:36:26,DeltaLake,Surly,2026-04-03T20:36:26,DeltaLake,Mountain Bikes
4,Trek Fuel Ex 8 29 - 2016,9,6,2016,2899.99,2026-04-03T20:36:26,DeltaLake,Trek,2026-04-03T20:36:26,DeltaLake,Mountain Bikes
5,Heller Shagamaw Frame - 2016,3,6,2016,1320.99,2026-04-03T20:36:26,DeltaLake,Heller,2026-04-03T20:36:26,DeltaLake,Mountain Bikes
6,Surly Ice Cream Truck Frameset - 2016,8,6,2016,469.99,2026-04-03T20:36:26,DeltaLake,Surly,2026-04-03T20:36:26,DeltaLake,Mountain Bikes
7,Trek Slash 8 27.5 - 2016,9,6,2016,3999.99,2026-04-03T20:36:26,DeltaLake,Trek,2026-04-03T20:36:26,DeltaLake,Mountain Bikes
8,Trek Remedy 29 Carbon Frameset - 2016,9,6,2016,1799.99,2026-04-03T20:36:26,DeltaLake,Trek,2026-04-03T20:36:26,DeltaLake,Mountain Bikes
9,Trek Conduit+ - 2016,9,5,2016,2999.99,2026-04-03T20:36:26,DeltaLake,Trek,2026-04-03T20:36:26,DeltaLake,Electric Bikes
10,Surly Straggler - 2016,8,4,2016,1549.0,2026-04-03T20:36:26,DeltaLake,Surly,2026-04-03T20:36:26,DeltaLake,Cyclocross Bicycles
11,Surly Straggler 650B - 2016,8,4,2016,1680.99,2026-04-03T20:36:26,DeltaLake,Surly,2026-04-03T20:36:26,DeltaLake,Cyclocross Bicycles
12,Electra Townie Original 21D - 2016,1,3,2016,549.99,2026-04-03T20:36:26,DeltaLake,Electra,2026-04-03T20:36:26,DeltaLake,Cruisers Bicycles
13,Electra Cruiser 1 (24-Inch) - 2016,1,3,2016,269.99,2026-04-03T20:36:26,DeltaLake,Electra,2026-04-03T20:36:26,DeltaLake,Cruisers Bicycles
14,Electra Girl'S Hawaii 1 (16-Inch) - 2015/2016,1,3,2016,269.99,2026-04-03T20:36:26,DeltaLake,Electra,2026-04-03T20:36:26,DeltaLake,Cruisers Bicycles
15,Electra Moto 1 - 2016,1,3,2016,529.99,2026-04-03T20:36:26,DeltaLake,Electra,2026-04-03T20:36:26,DeltaLake,Cruisers Bicycles
16,Electra Townie Original 7D Eq - 2016,1,3,2016,599.99,2026-04-03T20:36:26,DeltaLake,Electra,2026-04-03T20:36:26,DeltaLake,Cruisers Bicycles
17,Pure Cycles Vine 8-Speed - 2016,4,3,2016,429.0,2026-04-03T20:36:26,DeltaLake,Pure Cycles,2026-04-03T20:36:26,DeltaLake,Cruisers Bicycles
18,Pure Cycles Western 3-Speed - Women'S - 2015/2016,4,3,2016,449.0,2026-04-03T20:36:26,DeltaLake,Pure Cycles,2026-04-03T20:36:26,DeltaLake,Cruisers Bicycles
19,Pure Cycles William 3-Speed - 2016,4,3,2016,449.0,2026-04-03T20:36:26,DeltaLake,Pure Cycles,2026-04-03T20:36:26,DeltaLake,Cruisers Bicycles
20,Electra Townie Original 7D Eq - Women'S - 2016,1,3,2016,599.99,2026-04-03T20:36:26,DeltaLake,Electra,2026-04-03T20:36:26,DeltaLake,Cruisers Bicycles
21,Electra Cruiser 1 (24-Inch) - 2016,1,1,2016,269.99,2026-04-03T20:36:26,DeltaLake,Electra,2026-04-03T20:36:26,DeltaLake,Children Bicycles
22,Electra Girl'S Hawaii 1 (16-Inch) - 2015/2016,1,1,2016,269.99,2026-04-03T20:36:26,DeltaLake,Electra,2026-04-03T20:36:26,DeltaLake,Children Bicycles
23,Electra Girl'S Hawaii 1 (20-Inch) - 2015/2016,1,1,2016,299.99,2026-04-03T20:36:26,DeltaLake,Electra,2026-04-03T20:36:26,DeltaLake,Children Bicycles
24,Electra Townie Original 21D - 2016,1,2,2016,549.99,2026-04-03T20:36:26,DeltaLake,Electra,2026-04-03T20:36:26,DeltaLake,Comfort Bicycles
25,Electra Townie Original 7D - 2015/2016,1,2,2016,499.99,2026-04-03T20:36:26,DeltaLake,Electra,2026-04-03T20:36:26,DeltaLake,Comfort Bicycles
26,Electra Townie Original 7D Eq - 2016,1,2,2016,599.99,2026-04-03T20:36:26,DeltaLake,Electra,2026-04-03T20:36:26,DeltaLake,Comfort Bicycles
27,Surly Big Dummy Frameset - 2017,8,6,2017,999.99,2026-04-03T20:36:26,DeltaLake,Surly,2026-04-03T20:36:26,DeltaLake,Mountain Bikes
28,Surly Karate Monkey 27.5+ Frameset - 2017,8,6,2017,2499.99,2026-04-03T20:36:26,DeltaLake,Surly,2026-04-03T20:36:26,DeltaLake,Mountain Bikes
29,Trek X-Caliber 8 - 2017,9,6,2017,999.99,2026-04-03T20:36:26,DeltaLake,Trek,2026-04-03T20:36:26,DeltaLake,Mountain Bikes
30,Surly Ice Cream Truck Frameset - 2017,8,6,2017,999.99,2026-04-03T20:36:26,DeltaLake,Surly,2026-04-03T20:36:26,DeltaLake,Mountain Bikes
31,Surly Wednesday - 2017,8,6,2017,1632.99,2026-04-03T20:36:26,DeltaLake,Surly,2026-04-03T20:36:26,DeltaLake,Mountain Bikes
32,Trek Farley Alloy Frameset - 2017,9,6,2017,469.99,2026-04-03T20:36:26,DeltaLake,Trek,2026-04-03T20:36:26,DeltaLake,Mountain Bikes
33,Surly Wednesday Frameset - 2017,8,6,2017,469.99,2026-04-03T20:36:26,DeltaLake,Surly,2026-04-03T20:36:26,DeltaLake,Mountain Bikes
34,Trek Session Dh 27.5 Carbon Frameset - 2017,9,6,2017,469.99,2026-04-03T20:36:26,DeltaLake,Trek,2026-04-03T20:36:26,DeltaLake,Mountain Bikes
35,Sun Bicycles Spider 3I - 2017,7,6,2017,832.99,2026-04-03T20:36:26,DeltaLake,Sun Bicycles,2026-04-03T20:36:26,DeltaLake,Mountain Bikes
36,Surly Troll Frameset - 2017,8,6,2017,832.99,2026-04-03T20:36:26,DeltaLake,Surly,2026-04-03T20:36:26,DeltaLake,Mountain Bikes
37,Haro Flightline One St - 2017,2,6,2017,379.99,2026-04-03T20:36:26,DeltaLake,Haro,2026-04-03T20:36:26,DeltaLake,Mountain Bikes
38,Haro Flightline Two 26 Plus - 2017,2,6,2017,549.99,2026-04-03T20:36:26,DeltaLake,Haro,2026-04-03T20:36:26,DeltaLake,Mountain Bikes
39,Trek Stache 5 - 2017,9,6,2017,1499.99,2026-04-03T20:36:26,DeltaLake,Trek,2026-04-03T20:36:26,DeltaLake,Mountain Bikes
40,Trek Fuel Ex 9.8 29 - 2017,9,6,2017,4999.99,2026-04-03T20:36:26,DeltaLake,Trek,2026-04-03T20:36:26,DeltaLake,Mountain Bikes
41,Haro Shift R3 - 2017,2,6,2017,1469.99,2026-04-03T20:36:26,DeltaLake,Haro,2026-04-03T20:36:26,DeltaLake,Mountain Bikes
42,Trek Fuel Ex 5 27.5 Plus - 2017,9,6,2017,2299.99,2026-04-03T20:36:26,DeltaLake,Trek,2026-04-03T20:36:26,DeltaLake,Mountain Bikes
43,Trek Fuel Ex 9.8 27.5 Plus - 2017,9,6,2017,5299.99,2026-04-03T20:36:26,DeltaLake,Trek,2026-04-03T20:36:26,DeltaLake,Mountain Bikes
44,Haro Sr 1.1 - 2017,2,6,2017,539.99,2026-04-03T20:36:26,DeltaLake,Haro,2026-04-03T20:36:26,DeltaLake,Mountain Bikes
45,Haro Sr 1.2 - 2017,2,6,2017,869.99,2026-04-03T20:36:26,DeltaLake,Haro,2026-04-03T20:36:26,DeltaLake,Mountain Bikes
46,Haro Sr 1.3 - 2017,2,6,2017,1409.99,2026-04-03T20:36:26,DeltaLake,Haro,2026-04-03T20:36:26,DeltaLake,Mountain Bikes
47,Trek Remedy 9.8 - 2017,9,6,2017,5299.99,2026-04-03T20:36:26,DeltaLake,Trek,2026-04-03T20:36:26,DeltaLake,Mountain Bikes
48,Trek Emonda S 4 - 2017,9,7,2017,1499.99,2026-04-03T20:36:26,DeltaLake,Trek,2026-04-03T20:36:26,DeltaLake,Road Bikes
49,Trek Domane Sl 6 - 2017,9,7,2017,3499.99,2026-04-03T20:36:26,DeltaLake,Trek,2026-04-03T20:36:26,DeltaLake,Road Bikes
50,Trek Silque Slr 7 Women'S - 2017,9,7,2017,5999.99,2026-04-03T20:36:26,DeltaLake,Trek,2026-04-03T20:36:26,DeltaLake,Road Bikes
51,Trek Silque Slr 8 Women'S - 2017,9,7,2017,6499.99,2026-04-03T20:36:26,DeltaLake,Trek,2026-04-03T20:36:26,DeltaLake,Road Bikes
52,Surly Steamroller - 2017,8,7,2017,875.99,2026-04-03T20:36:26,DeltaLake,Surly,2026-04-03T20:36:26,DeltaLake,Road Bikes
53,Surly Ogre Frameset - 2017,8,7,2017,749.99,2026-04-03T20:36:26,DeltaLake,Surly,2026-04-03T20:36:26,DeltaLake,Road Bikes
54,Trek Domane Sl Disc Frameset - 2017,9,7,2017,3199.99,2026-04-03T20:36:26,DeltaLake,Trek,2026-04-03T20:36:26,DeltaLake,Road Bikes
55,Trek Domane S 6 - 2017,9,7,2017,2699.99,2026-04-03T20:36:26,DeltaLake,Trek,2026-04-03T20:36:26,DeltaLake,Road Bikes
56,Trek Domane Slr 6 Disc - 2017,9,7,2017,5499.99,2026-04-03T20:36:26,DeltaLake,Trek,2026-04-03T20:36:26,DeltaLake,Road Bikes
57,Trek Emonda S 5 - 2017,9,7,2017,1999.99,2026-04-03T20:36:26,DeltaLake,Trek,2026-04-03T20:36:26,DeltaLake,Road Bikes
58,Trek Madone 9.2 - 2017,9,7,2017,4999.99,2026-04-03T20:36:26,DeltaLake,Trek,2026-04-03T20:36:26,DeltaLake,Road Bikes
59,Trek Domane S 5 Disc - 2017,9,7,2017,2599.99,2026-04-03T20:36:26,DeltaLake,Trek,2026-04-03T20:36:26,DeltaLake,Road Bikes
60,Sun Bicycles Electrolite - 2017,7,5,2017,1559.99,2026-04-03T20:36:26,DeltaLake,Sun Bicycles,2026-04-03T20:36:26,DeltaLake,Electric Bikes
61,Trek Powerfly 8 Fs Plus - 2017,9,5,2017,4999.99,2026-04-03T20:36:26,DeltaLake,Trek,2026-04-03T20:36:26,DeltaLake,Electric Bikes
62,Trek Boone 7 - 2017,9,4,2017,3499.99,2026-04-03T20:36:26,DeltaLake,Trek,2026-04-03T20:36:26,DeltaLake,Cyclocross Bicycles
63,Trek Boone Race Shop Limited - 2017,9,4,2017,3499.99,2026-04-03T20:36:26,DeltaLake,Trek,2026-04-03T20:36:26,DeltaLake,Cyclocross Bicycles
64,Electra Townie Original 7D - 2017,1,3,2017,489.99,2026-04-03T20:36:26,DeltaLake,Electra,2026-04-03T20:36:26,DeltaLake,Cruisers Bicycles
65,Sun Bicycles Lil Bolt Type-R - 2017,7,3,2017,346.99,2026-04-03T20:36:26,DeltaLake,Sun Bicycles,2026-04-03T20:36:26,DeltaLake,Cruisers Bicycles
66,Sun Bicycles Revolutions 24 - 2017,7,3,2017,250.99,2026-04-03T20:36:26,DeltaLake,Sun Bicycles,2026-04-03T20:36:26,DeltaLake,Cruisers Bicycles
67,Sun Bicycles Revolutions 24 - Girl'S - 2017,7,3,2017,250.99,2026-04-03T20:36:26,DeltaLake,Sun Bicycles,2026-04-03T20:36:26,DeltaLake,Cruisers Bicycles
68,Sun Bicycles Cruz 3 - 2017,7,3,2017,449.99,2026-04-03T20:36:26,DeltaLake,Sun Bicycles,2026-04-03T20:36:26,DeltaLake,Cruisers Bicycles
69,Sun Bicycles Cruz 7 - 2017,7,3,2017,416.99,2026-04-03T20:36:26,DeltaLake,Sun Bicycles,2026-04-03T20:36:26,DeltaLake,Cruisers Bicycles
70,Electra Amsterdam Original 3I - 2015/2017,1,3,2017,659.99,2026-04-03T20:36:26,DeltaLake,Electra,2026-04-03T20:36:26,DeltaLake,Cruisers Bicycles
71,Sun Bicycles Atlas X-Type - 2017,7,3,2017,416.99,2026-04-03T20:36:26,DeltaLake,Sun Bicycles,2026-04-03T20:36:26,DeltaLake,Cruisers Bicycles
72,Sun Bicycles Biscayne Tandem 7 - 2017,7,3,2017,619.99,2026-04-03T20:36:26,DeltaLake,Sun Bicycles,2026-04-03T20:36:26,DeltaLake,Cruisers Bicycles
73,Sun Bicycles Brickell Tandem 7 - 2017,7,3,2017,749.99,2026-04-03T20:36:26,DeltaLake,Sun Bicycles,2026-04-03T20:36:26,DeltaLake,Cruisers Bicycles
74,Electra Cruiser Lux 1 - 2017,1,3,2017,439.99,2026-04-03T20:36:26,DeltaLake,Electra,2026-04-03T20:36:26,DeltaLake,Cruisers Bicycles
75,Electra Cruiser Lux Fat Tire 1 Ladies - 2017,1,3,2017,599.99,2026-04-03T20:36:26,DeltaLake,Electra,2026-04-03T20:36:26,DeltaLake,Cruisers Bicycles
76,"Electra Girl'S Hawaii 1 16"" - 2017",1,3,2017,299.99,2026-04-03T20:36:26,DeltaLake,Electra,2026-04-03T20:36:26,DeltaLake,Cruisers Bicycles
77,Electra Glam Punk 3I Ladies' - 2017,1,3,2017,799.99,2026-04-03T20:36:26,DeltaLake,Electra,2026-04-03T20:36:26,DeltaLake,Cruisers Bicycles
78,Sun Bicycles Biscayne Tandem Cb - 2017,7,3,2017,647.99,2026-04-03T20:36:26,DeltaLake,Sun Bicycles,2026-04-03T20:36:26,DeltaLake,Cruisers Bicycles
79,Sun Bicycles Boardwalk (24-Inch Wheels) - 2017,7,3,2017,402.99,2026-04-03T20:36:26,DeltaLake,Sun Bicycles,2026-04-03T20:36:26,DeltaLake,Cruisers Bicycles
80,Sun Bicycles Brickell Tandem Cb - 2017,7,3,2017,761.99,2026-04-03T20:36:26,DeltaLake,Sun Bicycles,2026-04-03T20:36:26,DeltaLake,Cruisers Bicycles
81,Electra Amsterdam Fashion 7I Ladies' - 2017,1,3,2017,1099.99,2026-04-03T20:36:26,DeltaLake,Electra,2026-04-03T20:36:26,DeltaLake,Cruisers Bicycles
82,Electra Amsterdam Original 3I Ladies' - 2017,1,3,2017,659.99,2026-04-03T20:36:26,DeltaLake,Electra,2026-04-03T20:36:26,DeltaLake,Cruisers Bicycles
83,Trek Boy'S Kickster - 2015/2017,9,1,2017,149.99,2026-04-03T20:36:26,DeltaLake,Trek,2026-04-03T20:36:26,DeltaLake,Children Bicycles
84,Sun Bicycles Lil Kitt'N - 2017,7,1,2017,109.99,2026-04-03T20:36:26,DeltaLake,Sun Bicycles,2026-04-03T20:36:26,DeltaLake,Children Bicycles
85,Haro Downtown 16 - 2017,2,1,2017,329.99,2026-04-03T20:36:26,DeltaLake,Haro,2026-04-03T20:36:26,DeltaLake,Children Bicycles
86,Trek Girl'S Kickster - 2017,9,1,2017,149.99,2026-04-03T20:36:26,DeltaLake,Trek,2026-04-03T20:36:26,DeltaLake,Children Bicycles
87,Trek Precaliber 12 Boys - 2017,9,1,2017,189.99,2026-04-03T20:36:26,DeltaLake,Trek,2026-04-03T20:36:26,DeltaLake,Children Bicycles
88,Trek Precaliber 12 Girls - 2017,9,1,2017,189.99,2026-04-03T20:36:26,DeltaLake,Trek,2026-04-03T20:36:26,DeltaLake,Children Bicycles
89,Trek Precaliber 16 Boys - 2017,9,1,2017,209.99,2026-04-03T20:36:26,DeltaLake,Trek,2026-04-03T20:36:26,DeltaLake,Children Bicycles
90,Trek Precaliber 16 Girls - 2017,9,1,2017,209.99,2026-04-03T20:36:26,DeltaLake,Trek,2026-04-03T20:36:26,DeltaLake,Children Bicycles
91,Trek Precaliber 24 (21-Speed) - Girls - 2017,9,1,2017,349.99,2026-04-03T20:36:26,DeltaLake,Trek,2026-04-03T20:36:26,DeltaLake,Children Bicycles
92,Haro Shredder 20 - 2017,2,1,2017,209.99,2026-04-03T20:36:26,DeltaLake,Haro,2026-04-03T20:36:26,DeltaLake,Children Bicycles
93,Haro Shredder 20 Girls - 2017,2,1,2017,209.99,2026-04-03T20:36:26,DeltaLake,Haro,2026-04-03T20:36:26,DeltaLake,Children Bicycles
94,Haro Shredder Pro 20 - 2017,2,1,2017,249.99,2026-04-03T20:36:26,DeltaLake,Haro,2026-04-03T20:36:26,DeltaLake,Children Bicycles
95,"Electra Girl'S Hawaii 1 16"" - 2017",1,1,2017,299.99,2026-04-03T20:36:26,DeltaLake,Electra,2026-04-03T20:36:26,DeltaLake,Children Bicycles
96,Electra Moto 3I (20-Inch) - Boy'S - 2017,1,1,2017,349.99,2026-04-03T20:36:26,DeltaLake,Electra,2026-04-03T20:36:26,DeltaLake,Children Bicycles
97,Electra Savannah 3I (20-Inch) - Girl'S - 2017,1,1,2017,349.99,2026-04-03T20:36:26,DeltaLake,Electra,2026-04-03T20:36:26,DeltaLake,Children Bicycles
98,Electra Straight 8 3I (20-Inch) - Boy'S - 2017,1,1,2017,489.99,2026-04-03T20:36:26,DeltaLake,Electra,2026-04-03T20:36:26,DeltaLake,Children Bicycles
99,Electra Sugar Skulls 1 (20-Inch) - Girl'S - 2017,1,1,2017,299.99,2026-04-03T20:36:26,DeltaLake,Electra,2026-04-03T20:36:26,DeltaLake,Children Bicycles
100,Electra Townie 3I Eq (20-Inch) - Boys' - 2017,1,1,2017,489.99,2026-04-03T20:36:26,DeltaLake,Electra,2026-04-03T20:36:26,DeltaLake,Children Bicycles
101,Electra Townie 7D (20-Inch) - Boys' - 2017,1,1,2017,339.99,2026-04-03T20:36:26,DeltaLake,Electra,2026-04-03T20:36:26,DeltaLake,Children Bicycles
102,Electra Townie Original 7D - 2017,1,2,2017,489.99,2026-04-03T20:36:26,DeltaLake,Electra,2026-04-03T20:36:26,DeltaLake,Comfort Bicycles
103,Sun Bicycles Streamway 3 - 2017,7,2,2017,551.99,2026-04-03T20:36:26,DeltaLake,Sun Bicycles,2026-04-03T20:36:26,DeltaLake,Comfort Bicycles
104,Sun Bicycles Streamway - 2017,7,2,2017,481.99,2026-04-03T20:36:26,DeltaLake,Sun Bicycles,2026-04-03T20:36:26,DeltaLake,Comfort Bicycles
105,Sun Bicycles Streamway 7 - 2017,7,2,2017,533.99,2026-04-03T20:36:26,DeltaLake,Sun Bicycles,2026-04-03T20:36:26,DeltaLake,Comfort Bicycles
106,Sun Bicycles Cruz 3 - 2017,7,2,2017,449.99,2026-04-03T20:36:26,DeltaLake,Sun Bicycles,2026-04-03T20:36:26,DeltaLake,Comfort Bicycles
107,Sun Bicycles Cruz 7 - 2017,7,2,2017,416.99,2026-04-03T20:36:26,DeltaLake,Sun Bicycles,2026-04-03T20:36:26,DeltaLake,Comfort Bicycles
108,Sun Bicycles Cruz 3 - Women'S - 2017,7,2,2017,449.99,2026-04-03T20:36:26,DeltaLake,Sun Bicycles,2026-04-03T20:36:26,DeltaLake,Comfort Bicycles
109,Sun Bicycles Cruz 7 - Women'S - 2017,7,2,2017,416.99,2026-04-03T20:36:26,DeltaLake,Sun Bicycles,2026-04-03T20:36:26,DeltaLake,Comfort Bicycles
110,Sun Bicycles Drifter 7 - 2017,7,2,2017,470.99,2026-04-03T20:36:26,DeltaLake,Sun Bicycles,2026-04-03T20:36:26,DeltaLake,Comfort Bicycles
111,Sun Bicycles Drifter 7 - Women'S - 2017,7,2,2017,470.99,2026-04-03T20:36:26,DeltaLake,Sun Bicycles,2026-04-03T20:36:26,DeltaLake,Comfort Bicycles
112,Trek 820 - 2018,9,6,2018,379.99,2026-04-03T20:36:26,DeltaLake,Trek,2026-04-03T20:36:26,DeltaLake,Mountain Bikes
113,Trek Marlin 5 - 2018,9,6,2018,489.99,2026-04-03T20:36:26,DeltaLake,Trek,2026-04-03T20:36:26,DeltaLake,Mountain Bikes
114,Trek Marlin 6 - 2018,9,6,2018,579.99,2026-04-03T20:36:26,DeltaLake,Trek,2026-04-03T20:36:26,DeltaLake,Mountain Bikes
115,Trek Fuel Ex 8 29 - 2018,9,6,2018,3199.99,2026-04-03T20:36:26,DeltaLake,Trek,2026-04-03T20:36:26,DeltaLake,Mountain Bikes
116,Trek Marlin 7 - 2017/2018,9,6,2018,749.99,2026-04-03T20:36:26,DeltaLake,Trek,2026-04-03T20:36:26,DeltaLake,Mountain Bikes
117,Trek Ticket S Frame - 2018,9,6,2018,1469.99,2026-04-03T20:36:26,DeltaLake,Trek,2026-04-03T20:36:26,DeltaLake,Mountain Bikes
118,Trek X-Caliber 8 - 2018,9,6,2018,999.99,2026-04-03T20:36:26,DeltaLake,Trek,2026-04-03T20:36:26,DeltaLake,Mountain Bikes
119,Trek Kids' Neko - 2018,9,6,2018,469.99,2026-04-03T20:36:26,DeltaLake,Trek,2026-04-03T20:36:26,DeltaLake,Mountain Bikes
120,Trek Fuel Ex 7 29 - 2018,9,6,2018,2499.99,2026-04-03T20:36:26,DeltaLake,Trek,2026-04-03T20:36:26,DeltaLake,Mountain Bikes
121,Surly Krampus Frameset - 2018,8,6,2018,2499.99,2026-04-03T20:36:26,DeltaLake,Surly,2026-04-03T20:36:26,DeltaLake,Mountain Bikes
122,Surly Troll Frameset - 2018,8,6,2018,2499.99,2026-04-03T20:36:26,DeltaLake,Surly,2026-04-03T20:36:26,DeltaLake,Mountain Bikes
123,Trek Farley Carbon Frameset - 2018,9,6,2018,999.99,2026-04-03T20:36:26,DeltaLake,Trek,2026-04-03T20:36:26,DeltaLake,Mountain Bikes
124,Surly Krampus - 2018,8,6,2018,1499.0,2026-04-03T20:36:26,DeltaLake,Surly,2026-04-03T20:36:26,DeltaLake,Mountain Bikes
125,Trek Kids' Dual Sport - 2018,9,6,2018,469.99,2026-04-03T20:36:26,DeltaLake,Trek,2026-04-03T20:36:26,DeltaLake,Mountain Bikes
126,Surly Big Fat Dummy Frameset - 2018,8,6,2018,469.99,2026-04-03T20:36:26,DeltaLake,Surly,2026-04-03T20:36:26,DeltaLake,Mountain Bikes
127,Surly Pack Rat Frameset - 2018,8,6,2018,469.99,2026-04-03T20:36:26,DeltaLake,Surly,2026-04-03T20:36:26,DeltaLake,Mountain Bikes
128,Surly Ecr 27.5 - 2018,8,6,2018,1899.0,2026-04-03T20:36:26,DeltaLake,Surly,2026-04-03T20:36:26,DeltaLake,Mountain Bikes
129,Trek X-Caliber 7 - 2018,9,6,2018,919.99,2026-04-03T20:36:26,DeltaLake,Trek,2026-04-03T20:36:26,DeltaLake,Mountain Bikes
130,Trek Stache Carbon Frameset - 2018,9,6,2018,919.99,2026-04-03T20:36:26,DeltaLake,Trek,2026-04-03T20:36:26,DeltaLake,Mountain Bikes
131,Heller Bloodhound Trail - 2018,3,6,2018,2599.0,2026-04-03T20:36:26,DeltaLake,Heller,2026-04-03T20:36:26,DeltaLake,Mountain Bikes
132,Trek Procal Al Frameset - 2018,9,6,2018,1499.99,2026-04-03T20:36:26,DeltaLake,Trek,2026-04-03T20:36:26,DeltaLake,Mountain Bikes
133,Trek Procaliber Frameset - 2018,9,6,2018,1499.99,2026-04-03T20:36:26,DeltaLake,Trek,2026-04-03T20:36:26,DeltaLake,Mountain Bikes
134,Trek Remedy 27.5 C Frameset - 2018,9,6,2018,1499.99,2026-04-03T20:36:26,DeltaLake,Trek,2026-04-03T20:36:26,DeltaLake,Mountain Bikes
135,Trek X-Caliber Frameset - 2018,9,6,2018,1499.99,2026-04-03T20:36:26,DeltaLake,Trek,2026-04-03T20:36:26,DeltaLake,Mountain Bikes
136,Trek Procaliber 6 - 2018,9,6,2018,1799.99,2026-04-03T20:36:26,DeltaLake,Trek,2026-04-03T20:36:26,DeltaLake,Mountain Bikes
137,Heller Shagamaw Gx1 - 2018,3,6,2018,2599.0,2026-04-03T20:36:26,DeltaLake,Heller,2026-04-03T20:36:26,DeltaLake,Mountain Bikes
138,Trek Fuel Ex 5 Plus - 2018,9,6,2018,2249.99,2026-04-03T20:36:26,DeltaLake,Trek,2026-04-03T20:36:26,DeltaLake,Mountain Bikes
139,Trek Remedy 7 27.5 - 2018,9,6,2018,2999.99,2026-04-03T20:36:26,DeltaLake,Trek,2026-04-03T20:36:26,DeltaLake,Mountain Bikes
140,Trek Remedy 9.8 27.5 - 2018,9,6,2018,4999.99,2026-04-03T20:36:26,DeltaLake,Trek,2026-04-03T20:36:26,DeltaLake,Mountain Bikes
141,Trek Stache 5 - 2018,9,6,2018,1599.99,2026-04-03T20:36:26,DeltaLake,Trek,2026-04-03T20:36:26,DeltaLake,Mountain Bikes
142,Trek Fuel Ex 8 29 Xt - 2018,9,6,2018,3199.99,2026-04-03T20:36:26,DeltaLake,Trek,2026-04-03T20:36:26,DeltaLake,Mountain Bikes
143,Trek Domane Alr 3 - 2018,9,7,2018,1099.99,2026-04-03T20:36:26,DeltaLake,Trek,2026-04-03T20:36:26,DeltaLake,Road Bikes
144,Trek Domane Alr 4 Disc - 2018,9,7,2018,1549.99,2026-04-03T20:36:26,DeltaLake,Trek,2026-04-03T20:36:26,DeltaLake,Road Bikes
145,Trek Domane Alr 5 Disc - 2018,9,7,2018,1799.99,2026-04-03T20:36:26,DeltaLake,Trek,2026-04-03T20:36:26,DeltaLake,Road Bikes
146,Trek Domane Slr 6 - 2018,9,7,2018,4999.99,2026-04-03T20:36:26,DeltaLake,Trek,2026-04-03T20:36:26,DeltaLake,Road Bikes
147,Trek Domane Alr 5 Gravel - 2018,9,7,2018,1799.99,2026-04-03T20:36:26,DeltaLake,Trek,2026-04-03T20:36:26,DeltaLake,Road Bikes
148,Trek Domane Sl 8 Disc - 2018,9,7,2018,5499.99,2026-04-03T20:36:26,DeltaLake,Trek,2026-04-03T20:36:26,DeltaLake,Road Bikes
149,Trek Domane Slr 8 Disc - 2018,9,7,2018,7499.99,2026-04-03T20:36:26,DeltaLake,Trek,2026-04-03T20:36:26,DeltaLake,Road Bikes
150,Trek Emonda Sl 7 - 2018,9,7,2018,4499.99,2026-04-03T20:36:26,DeltaLake,Trek,2026-04-03T20:36:26,DeltaLake,Road Bikes
151,Trek Domane Alr 4 Disc Women'S - 2018,9,7,2018,1549.99,2026-04-03T20:36:26,DeltaLake,Trek,2026-04-03T20:36:26,DeltaLake,Road Bikes
152,Trek Domane Sl 5 Disc Women'S - 2018,9,7,2018,2499.99,2026-04-03T20:36:26,DeltaLake,Trek,2026-04-03T20:36:26,DeltaLake,Road Bikes
153,Trek Domane Sl 7 Women'S - 2018,9,7,2018,4999.99,2026-04-03T20:36:26,DeltaLake,Trek,2026-04-03T20:36:26,DeltaLake,Road Bikes
154,Trek Domane Slr 6 Disc Women'S - 2018,9,7,2018,5499.99,2026-04-03T20:36:26,DeltaLake,Trek,2026-04-03T20:36:26,DeltaLake,Road Bikes
155,Trek Domane Slr 9 Disc - 2018,9,7,2018,11999.99,2026-04-03T20:36:26,DeltaLake,Trek,2026-04-03T20:36:26,DeltaLake,Road Bikes
156,Trek Domane Sl Frameset - 2018,9,7,2018,6499.99,2026-04-03T20:36:26,DeltaLake,Trek,2026-04-03T20:36:26,DeltaLake,Road Bikes
157,Trek Domane Sl Frameset Women'S - 2018,9,7,2018,6499.99,2026-04-03T20:36:26,DeltaLake,Trek,2026-04-03T20:36:26,DeltaLake,Road Bikes
158,Trek Crossrip 1 - 2018,9,7,2018,959.99,2026-04-03T20:36:26,DeltaLake,Trek,2026-04-03T20:36:26,DeltaLake,Road Bikes
159,Trek Emonda Alr 6 - 2018,9,7,2018,2299.99,2026-04-03T20:36:26,DeltaLake,Trek,2026-04-03T20:36:26,DeltaLake,Road Bikes
160,Trek Emonda Slr 6 - 2018,9,7,2018,4499.99,2026-04-03T20:36:26,DeltaLake,Trek,2026-04-03T20:36:26,DeltaLake,Road Bikes
161,Surly Ecr - 2018,8,7,2018,1899.0,2026-04-03T20:36:26,DeltaLake,Surly,2026-04-03T20:36:26,DeltaLake,Road Bikes
162,Trek Emonda Sl 6 Disc - 2018,9,7,2018,2999.99,2026-04-03T20:36:26,DeltaLake,Trek,2026-04-03T20:36:26,DeltaLake,Road Bikes
163,Surly Pack Rat - 2018,8,7,2018,1349.0,2026-04-03T20:36:26,DeltaLake,Surly,2026-04-03T20:36:26,DeltaLake,Road Bikes
164,Surly Straggler 650B - 2018,8,7,2018,1549.0,2026-04-03T20:36:26,DeltaLake,Surly,2026-04-03T20:36:26,DeltaLake,Road Bikes
165,Trek 1120 - 2018,9,7,2018,2499.99,2026-04-03T20:36:26,DeltaLake,Trek,2026-04-03T20:36:26,DeltaLake,Road Bikes
166,Trek Domane Al 2 Women'S - 2018,9,7,2018,749.99,2026-04-03T20:36:26,DeltaLake,Trek,2026-04-03T20:36:26,DeltaLake,Road Bikes
167,Surly Ecr Frameset - 2018,8,7,2018,749.99,2026-04-03T20:36:26,DeltaLake,Surly,2026-04-03T20:36:26,DeltaLake,Road Bikes
168,Surly Straggler - 2018,8,7,2018,1549.0,2026-04-03T20:36:26,DeltaLake,Surly,2026-04-03T20:36:26,DeltaLake,Road Bikes
169,Trek Emonda Slr 8 - 2018,9,7,2018,6499.99,2026-04-03T20:36:26,DeltaLake,Trek,2026-04-03T20:36:26,DeltaLake,Road Bikes
170,Trek Crossrip 2 - 2018,9,7,2018,1299.99,2026-04-03T20:36:26,DeltaLake,Trek,2026-04-03T20:36:26,DeltaLake,Road Bikes
171,Trek Domane Sl 6 - 2018,9,7,2018,3199.99,2026-04-03T20:36:26,DeltaLake,Trek,2026-04-03T20:36:26,DeltaLake,Road Bikes
172,Trek Domane Alr Disc Frameset - 2018,9,7,2018,3199.99,2026-04-03T20:36:26,DeltaLake,Trek,2026-04-03T20:36:26,DeltaLake,Road Bikes
173,Trek Domane Alr Frameset - 2018,9,7,2018,3199.99,2026-04-03T20:36:26,DeltaLake,Trek,2026-04-03T20:36:26,DeltaLake,Road Bikes
174,Trek Domane Slr Disc Frameset - 2018,9,7,2018,3199.99,2026-04-03T20:36:26,DeltaLake,Trek,2026-04-03T20:36:26,DeltaLake,Road Bikes
175,Trek Domane Slr Frameset - 2018,9,7,2018,3199.99,2026-04-03T20:36:26,DeltaLake,Trek,2026-04-03T20:36:26,DeltaLake,Road Bikes
176,Trek Madone 9 Frameset - 2018,9,7,2018,3199.99,2026-04-03T20:36:26,DeltaLake,Trek,2026-04-03T20:36:26,DeltaLake,Road Bikes
177,Trek Domane Slr 6 Disc - 2018,9,7,2018,5499.99,2026-04-03T20:36:26,DeltaLake,Trek,2026-04-03T20:36:26,DeltaLake,Road Bikes
178,Trek Domane Al 2 - 2018,9,7,2018,749.99,2026-04-03T20:36:26,DeltaLake,Trek,2026-04-03T20:36:26,DeltaLake,Road Bikes
179,Trek Domane Al 3 - 2018,9,7,2018,919.99,2026-04-03T20:36:26,DeltaLake,Trek,2026-04-03T20:36:26,DeltaLake,Road Bikes
180,Trek Domane Al 3 Women'S - 2018,9,7,2018,919.99,2026-04-03T20:36:26,DeltaLake,Trek,2026-04-03T20:36:26,DeltaLake,Road Bikes
181,Trek Domane Sl 5 - 2018,9,7,2018,2199.99,2026-04-03T20:36:26,DeltaLake,Trek,2026-04-03T20:36:26,DeltaLake,Road Bikes
182,Trek Domane Sl 5 Disc - 2018,9,7,2018,2499.99,2026-04-03T20:36:26,DeltaLake,Trek,2026-04-03T20:36:26,DeltaLake,Road Bikes
183,Trek Domane Sl 5 Women'S - 2018,9,7,2018,2199.99,2026-04-03T20:36:26,DeltaLake,Trek,2026-04-03T20:36:26,DeltaLake,Road Bikes
184,Trek Domane Sl 6 Disc - 2018,9,7,2018,3499.99,2026-04-03T20:36:26,DeltaLake,Trek,2026-04-03T20:36:26,DeltaLake,Road Bikes
185,Trek Conduit+ - 2018,9,5,2018,2799.99,2026-04-03T20:36:26,DeltaLake,Trek,2026-04-03T20:36:26,DeltaLake,Electric Bikes
186,Trek Crossrip+ - 2018,9,5,2018,4499.99,2026-04-03T20:36:26,DeltaLake,Trek,2026-04-03T20:36:26,DeltaLake,Electric Bikes
187,Trek Neko+ - 2018,9,5,2018,2799.99,2026-04-03T20:36:26,DeltaLake,Trek,2026-04-03T20:36:26,DeltaLake,Electric Bikes
188,Trek Xm700+ Lowstep - 2018,9,5,2018,3499.99,2026-04-03T20:36:26,DeltaLake,Trek,2026-04-03T20:36:26,DeltaLake,Electric Bikes
189,Trek Lift+ Lowstep - 2018,9,5,2018,2799.99,2026-04-03T20:36:26,DeltaLake,Trek,2026-04-03T20:36:26,DeltaLake,Electric Bikes
190,Trek Dual Sport+ - 2018,9,5,2018,2799.99,2026-04-03T20:36:26,DeltaLake,Trek,2026-04-03T20:36:26,DeltaLake,Electric Bikes
191,Electra Loft Go! 8I - 2018,1,5,2018,2799.99,2026-04-03T20:36:26,DeltaLake,Electra,2026-04-03T20:36:26,DeltaLake,Electric Bikes
192,Electra Townie Go! 8I - 2017/2018,1,5,2018,2599.99,2026-04-03T20:36:26,DeltaLake,Electra,2026-04-03T20:36:26,DeltaLake,Electric Bikes
193,Trek Lift+ - 2018,9,5,2018,2799.99,2026-04-03T20:36:26,DeltaLake,Trek,2026-04-03T20:36:26,DeltaLake,Electric Bikes
194,Trek Xm700+ - 2018,9,5,2018,3499.99,2026-04-03T20:36:26,DeltaLake,Trek,2026-04-03T20:36:26,DeltaLake,Electric Bikes
195,Electra Townie Go! 8I Ladies' - 2018,1,5,2018,2599.99,2026-04-03T20:36:26,DeltaLake,Electra,2026-04-03T20:36:26,DeltaLake,Electric Bikes
196,Trek Verve+ - 2018,9,5,2018,2299.99,2026-04-03T20:36:26,DeltaLake,Trek,2026-04-03T20:36:26,DeltaLake,Electric Bikes
197,Trek Verve+ Lowstep - 2018,9,5,2018,2299.99,2026-04-03T20:36:26,DeltaLake,Trek,2026-04-03T20:36:26,DeltaLake,Electric Bikes
198,Electra Townie Commute Go! - 2018,1,5,2018,2999.99,2026-04-03T20:36:26,DeltaLake,Electra,2026-04-03T20:36:26,DeltaLake,Electric Bikes
199,Electra Townie Commute Go! Ladies' - 2018,1,5,2018,2999.99,2026-04-03T20:36:26,DeltaLake,Electra,2026-04-03T20:36:26,DeltaLake,Electric Bikes
200,Trek Powerfly 5 - 2018,9,5,2018,3499.99,2026-04-03T20:36:26,DeltaLake,Trek,2026-04-03T20:36:26,DeltaLake,Electric Bikes
201,Trek Powerfly 5 Fs - 2018,9,5,2018,4499.99,2026-04-03T20:36:26,DeltaLake,Trek,2026-04-03T20:36:26,DeltaLake,Electric Bikes
202,Trek Powerfly 5 Women'S - 2018,9,5,2018,3499.99,2026-04-03T20:36:26,DeltaLake,Trek,2026-04-03T20:36:26,DeltaLake,Electric Bikes
203,Trek Powerfly 7 Fs - 2018,9,5,2018,4999.99,2026-04-03T20:36:26,DeltaLake,Trek,2026-04-03T20:36:26,DeltaLake,Electric Bikes
204,Trek Super Commuter+ 7 - 2018,9,5,2018,3599.99,2026-04-03T20:36:26,DeltaLake,Trek,2026-04-03T20:36:26,DeltaLake,Electric Bikes
205,Trek Super Commuter+ 8S - 2018,9,5,2018,4999.99,2026-04-03T20:36:26,DeltaLake,Trek,2026-04-03T20:36:26,DeltaLake,Electric Bikes
206,Trek Boone 5 Disc - 2018,9,4,2018,3299.99,2026-04-03T20:36:26,DeltaLake,Trek,2026-04-03T20:36:26,DeltaLake,Cyclocross Bicycles
207,Trek Boone 7 Disc - 2018,9,4,2018,3999.99,2026-04-03T20:36:26,DeltaLake,Trek,2026-04-03T20:36:26,DeltaLake,Cyclocross Bicycles
208,Trek Crockett 5 Disc - 2018,9,4,2018,1799.99,2026-04-03T20:36:26,DeltaLake,Trek,2026-04-03T20:36:26,DeltaLake,Cyclocross Bicycles
209,Trek Crockett 7 Disc - 2018,9,4,2018,2999.99,2026-04-03T20:36:26,DeltaLake,Trek,2026-04-03T20:36:26,DeltaLake,Cyclocross Bicycles
210,Surly Straggler - 2018,8,4,2018,1549.0,2026-04-03T20:36:26,DeltaLake,Surly,2026-04-03T20:36:26,DeltaLake,Cyclocross Bicycles
211,Surly Straggler 650B - 2018,8,4,2018,1549.0,2026-04-03T20:36:26,DeltaLake,Surly,2026-04-03T20:36:26,DeltaLake,Cyclocross Bicycles
212,Electra Townie Original 21D - 2018,1,3,2018,559.99,2026-04-03T20:36:26,DeltaLake,Electra,2026-04-03T20:36:26,DeltaLake,Cruisers Bicycles
213,Electra Cruiser 1 - 2016/2017/2018,1,3,2018,269.99,2026-04-03T20:36:26,DeltaLake,Electra,2026-04-03T20:36:26,DeltaLake,Cruisers Bicycles
214,Electra Tiger Shark 3I - 2018,1,3,2018,899.99,2026-04-03T20:36:26,DeltaLake,Electra,2026-04-03T20:36:26,DeltaLake,Cruisers Bicycles
215,Electra Queen Of Hearts 3I - 2018,1,3,2018,749.99,2026-04-03T20:36:26,DeltaLake,Electra,2026-04-03T20:36:26,DeltaLake,Cruisers Bicycles
216,Electra Super Moto 8I - 2018,1,3,2018,899.99,2026-04-03T20:36:26,DeltaLake,Electra,2026-04-03T20:36:26,DeltaLake,Cruisers Bicycles
217,Electra Straight 8 3I - 2018,1,3,2018,909.99,2026-04-03T20:36:26,DeltaLake,Electra,2026-04-03T20:36:26,DeltaLake,Cruisers Bicycles
218,Electra Cruiser 7D - 2016/2017/2018,1,3,2018,319.99,2026-04-03T20:36:26,DeltaLake,Electra,2026-04-03T20:36:26,DeltaLake,Cruisers Bicycles
219,Electra Moto 3I - 2018,1,3,2018,639.99,2026-04-03T20:36:26,DeltaLake,Electra,2026-04-03T20:36:26,DeltaLake,Cruisers Bicycles
220,Electra Cruiser 1 Ladies' - 2018,1,3,2018,269.99,2026-04-03T20:36:26,DeltaLake,Electra,2026-04-03T20:36:26,DeltaLake,Cruisers Bicycles
221,Electra Cruiser 7D Ladies' - 2016/2018,1,3,2018,319.99,2026-04-03T20:36:26,DeltaLake,Electra,2026-04-03T20:36:26,DeltaLake,Cruisers Bicycles
222,Electra Cruiser 1 Tall - 2016/2018,1,3,2018,269.99,2026-04-03T20:36:26,DeltaLake,Electra,2026-04-03T20:36:26,DeltaLake,Cruisers Bicycles
223,Electra Cruiser Lux 3I - 2018,1,3,2018,529.99,2026-04-03T20:36:26,DeltaLake,Electra,2026-04-03T20:36:26,DeltaLake,Cruisers Bicycles
224,Electra Cruiser Lux 7D - 2018,1,3,2018,479.99,2026-04-03T20:36:26,DeltaLake,Electra,2026-04-03T20:36:26,DeltaLake,Cruisers Bicycles
225,Electra Delivery 3I - 2016/2017/2018,1,3,2018,959.99,2026-04-03T20:36:26,DeltaLake,Electra,2026-04-03T20:36:26,DeltaLake,Cruisers Bicycles
226,Electra Townie Original 21D Eq - 2017/2018,1,3,2018,679.99,2026-04-03T20:36:26,DeltaLake,Electra,2026-04-03T20:36:26,DeltaLake,Cruisers Bicycles
227,Electra Cruiser 7D (24-Inch) Ladies' - 2016/2018,1,3,2018,319.99,2026-04-03T20:36:26,DeltaLake,Electra,2026-04-03T20:36:26,DeltaLake,Cruisers Bicycles
228,Electra Cruiser 7D Tall - 2016/2018,1,3,2018,319.99,2026-04-03T20:36:26,DeltaLake,Electra,2026-04-03T20:36:26,DeltaLake,Cruisers Bicycles
229,Electra Cruiser Lux 1 - 2016/2018,1,3,2018,429.99,2026-04-03T20:36:26,DeltaLake,Electra,2026-04-03T20:36:26,DeltaLake,Cruisers Bicycles
230,Electra Cruiser Lux 1 Ladies' - 2018,1,3,2018,429.99,2026-04-03T20:36:26,DeltaLake,Electra,2026-04-03T20:36:26,DeltaLake,Cruisers Bicycles
231,Electra Cruiser Lux 3I Ladies' - 2018,1,3,2018,529.99,2026-04-03T20:36:26,DeltaLake,Electra,2026-04-03T20:36:26,DeltaLake,Cruisers Bicycles
232,Electra Cruiser Lux 7D Ladies' - 2018,1,3,2018,479.99,2026-04-03T20:36:26,DeltaLake,Electra,2026-04-03T20:36:26,DeltaLake,Cruisers Bicycles
233,Electra Cruiser Lux Fat Tire 7D - 2018,1,3,2018,639.99,2026-04-03T20:36:26,DeltaLake,Electra,2026-04-03T20:36:26,DeltaLake,Cruisers Bicycles
234,Electra Daydreamer 3I Ladies' - 2018,1,3,2018,899.99,2026-04-03T20:36:26,DeltaLake,Electra,2026-04-03T20:36:26,DeltaLake,Cruisers Bicycles
235,Electra Koa 3I Ladies' - 2018,1,3,2018,899.99,2026-04-03T20:36:26,DeltaLake,Electra,2026-04-03T20:36:26,DeltaLake,Cruisers Bicycles
236,Electra Morningstar 3I Ladies' - 2018,1,3,2018,749.99,2026-04-03T20:36:26,DeltaLake,Electra,2026-04-03T20:36:26,DeltaLake,Cruisers Bicycles
237,Electra Relic 3I - 2018,1,3,2018,849.99,2026-04-03T20:36:26,DeltaLake,Electra,2026-04-03T20:36:26,DeltaLake,Cruisers Bicycles
238,Electra Townie Balloon 8D Eq - 2016/2017/2018,1,3,2018,749.99,2026-04-03T20:36:26,DeltaLake,Electra,2026-04-03T20:36:26,DeltaLake,Cruisers Bicycles
239,Electra Townie Balloon 8D Eq Ladies' - 2016/2017/2018,1,3,2018,749.99,2026-04-03T20:36:26,DeltaLake,Electra,2026-04-03T20:36:26,DeltaLake,Cruisers Bicycles
240,Electra Townie Commute 27D Ladies - 2018,1,3,2018,899.99,2026-04-03T20:36:26,DeltaLake,Electra,2026-04-03T20:36:26,DeltaLake,Cruisers Bicycles
241,Electra Townie Commute 8D - 2018,1,3,2018,749.99,2026-04-03T20:36:26,DeltaLake,Electra,2026-04-03T20:36:26,DeltaLake,Cruisers Bicycles
242,Electra Townie Commute 8D Ladies' - 2018,1,3,2018,699.99,2026-04-03T20:36:26,DeltaLake,Electra,2026-04-03T20:36:26,DeltaLake,Cruisers Bicycles
243,Electra Townie Original 21D Eq Ladies' - 2018,1,3,2018,679.99,2026-04-03T20:36:26,DeltaLake,Electra,2026-04-03T20:36:26,DeltaLake,Cruisers Bicycles
244,Electra Townie Original 21D Ladies' - 2018,1,3,2018,559.99,2026-04-03T20:36:26,DeltaLake,Electra,2026-04-03T20:36:26,DeltaLake,Cruisers Bicycles
245,Electra Townie Original 3I Eq - 2017/2018,1,3,2018,659.99,2026-04-03T20:36:26,DeltaLake,Electra,2026-04-03T20:36:26,DeltaLake,Cruisers Bicycles
246,Electra Townie Original 3I Eq Ladies' - 2018,1,3,2018,639.99,2026-04-03T20:36:26,DeltaLake,Electra,2026-04-03T20:36:26,DeltaLake,Cruisers Bicycles
247,Electra Townie Original 7D Eq - 2018,1,3,2018,599.99,2026-04-03T20:36:26,DeltaLake,Electra,2026-04-03T20:36:26,DeltaLake,Cruisers Bicycles
248,Electra Townie Original 7D Eq Ladies' - 2017/2018,1,3,2018,599.99,2026-04-03T20:36:26,DeltaLake,Electra,2026-04-03T20:36:26,DeltaLake,Cruisers Bicycles
249,Electra White Water 3I - 2018,1,3,2018,749.99,2026-04-03T20:36:26,DeltaLake,Electra,2026-04-03T20:36:26,DeltaLake,Cruisers Bicycles
250,Electra Townie Go! 8I - 2017/2018,1,3,2018,2599.99,2026-04-03T20:36:26,DeltaLake,Electra,2026-04-03T20:36:26,DeltaLake,Cruisers Bicycles
251,Electra Townie Commute Go! - 2018,1,3,2018,2999.99,2026-04-03T20:36:26,DeltaLake,Electra,2026-04-03T20:36:26,DeltaLake,Cruisers Bicycles
252,Electra Townie Commute Go! Ladies' - 2018,1,3,2018,2999.99,2026-04-03T20:36:26,DeltaLake,Electra,2026-04-03T20:36:26,DeltaLake,Cruisers Bicycles
253,Electra Townie Go! 8I Ladies' - 2018,1,3,2018,2599.99,2026-04-03T20:36:26,DeltaLake,Electra,2026-04-03T20:36:26,DeltaLake,Cruisers Bicycles
254,Electra Townie Balloon 3I Eq - 2017/2018,1,3,2018,749.99,2026-04-03T20:36:26,DeltaLake,Electra,2026-04-03T20:36:26,DeltaLake,Cruisers Bicycles
255,Electra Townie Balloon 7I Eq Ladies' - 2017/2018,1,3,2018,899.99,2026-04-03T20:36:26,DeltaLake,Electra,2026-04-03T20:36:26,DeltaLake,Cruisers Bicycles
256,Electra Townie Commute 27D - 2018,1,3,2018,899.99,2026-04-03T20:36:26,DeltaLake,Electra,2026-04-03T20:36:26,DeltaLake,Cruisers Bicycles
257,Electra Amsterdam Fashion 3I Ladies' - 2017/2018,1,3,2018,899.99,2026-04-03T20:36:26,DeltaLake,Electra,2026-04-03T20:36:26,DeltaLake,Cruisers Bicycles
258,Electra Amsterdam Royal 8I - 2017/2018,1,3,2018,1259.9,2026-04-03T20:36:26,DeltaLake,Electra,2026-04-03T20:36:26,DeltaLake,Cruisers Bicycles
259,Electra Amsterdam Royal 8I Ladies - 2018,1,3,2018,1199.99,2026-04-03T20:36:26,DeltaLake,Electra,2026-04-03T20:36:26,DeltaLake,Cruisers Bicycles
260,Electra Townie Balloon 3I Eq Ladies' - 2018,1,3,2018,799.99,2026-04-03T20:36:26,DeltaLake,Electra,2026-04-03T20:36:26,DeltaLake,Cruisers Bicycles
261,Electra Townie Balloon 7I Eq - 2018,1,3,2018,899.99,2026-04-03T20:36:26,DeltaLake,Electra,2026-04-03T20:36:26,DeltaLake,Cruisers Bicycles
262,Trek Mt 201 - 2018,9,1,2018,249.99,2026-04-03T20:36:26,DeltaLake,Trek,2026-04-03T20:36:26,DeltaLake,Children Bicycles
263,Strider Classic 12 Balance Bike - 2018,6,1,2018,89.99,2026-04-03T20:36:26,DeltaLake,Strider,2026-04-03T20:36:26,DeltaLake,Children Bicycles
264,Strider Sport 16 - 2018,6,1,2018,249.99,2026-04-03T20:36:26,DeltaLake,Strider,2026-04-03T20:36:26,DeltaLake,Children Bicycles
265,Strider Strider 20 Sport - 2018,6,1,2018,289.99,2026-04-03T20:36:26,DeltaLake,Strider,2026-04-03T20:36:26,DeltaLake,Children Bicycles
266,Trek Superfly 20 - 2018,9,1,2018,399.99,2026-04-03T20:36:26,DeltaLake,Trek,2026-04-03T20:36:26,DeltaLake,Children Bicycles
267,Trek Precaliber 12 Girl'S - 2018,9,1,2018,199.99,2026-04-03T20:36:26,DeltaLake,Trek,2026-04-03T20:36:26,DeltaLake,Children Bicycles
268,Trek Kickster - 2018,9,1,2018,159.99,2026-04-03T20:36:26,DeltaLake,Trek,2026-04-03T20:36:26,DeltaLake,Children Bicycles
269,Trek Precaliber 12 Boy'S - 2018,9,1,2018,199.99,2026-04-03T20:36:26,DeltaLake,Trek,2026-04-03T20:36:26,DeltaLake,Children Bicycles
270,Trek Precaliber 16 Boy'S - 2018,9,1,2018,209.99,2026-04-03T20:36:26,DeltaLake,Trek,2026-04-03T20:36:26,DeltaLake,Children Bicycles
271,Trek Precaliber 16 Girl'S - 2018,9,1,2018,209.99,2026-04-03T20:36:26,DeltaLake,Trek,2026-04-03T20:36:26,DeltaLake,Children Bicycles
272,Trek Precaliber 20 6-Speed Boy'S - 2018,9,1,2018,289.99,2026-04-03T20:36:26,DeltaLake,Trek,2026-04-03T20:36:26,DeltaLake,Children Bicycles
273,Trek Precaliber 20 6-Speed Girl'S - 2018,9,1,2018,289.99,2026-04-03T20:36:26,DeltaLake,Trek,2026-04-03T20:36:26,DeltaLake,Children Bicycles
274,Trek Precaliber 20 Boy'S - 2018,9,1,2018,229.99,2026-04-03T20:36:26,DeltaLake,Trek,2026-04-03T20:36:26,DeltaLake,Children Bicycles
275,Trek Precaliber 20 Girl'S - 2018,9,1,2018,229.99,2026-04-03T20:36:26,DeltaLake,Trek,2026-04-03T20:36:26,DeltaLake,Children Bicycles
276,Trek Precaliber 24 (7-Speed) - Boys - 2018,9,1,2018,319.99,2026-04-03T20:36:26,DeltaLake,Trek,2026-04-03T20:36:26,DeltaLake,Children Bicycles
277,Trek Precaliber 24 21-Speed Boy'S - 2018,9,1,2018,369.99,2026-04-03T20:36:26,DeltaLake,Trek,2026-04-03T20:36:26,DeltaLake,Children Bicycles
278,Trek Precaliber 24 21-Speed Girl'S - 2018,9,1,2018,369.99,2026-04-03T20:36:26,DeltaLake,Trek,2026-04-03T20:36:26,DeltaLake,Children Bicycles
279,Trek Precaliber 24 7-Speed Girl'S - 2018,9,1,2018,319.99,2026-04-03T20:36:26,DeltaLake,Trek,2026-04-03T20:36:26,DeltaLake,Children Bicycles
280,Trek Superfly 24 - 2017/2018,9,1,2018,489.99,2026-04-03T20:36:26,DeltaLake,Trek,2026-04-03T20:36:26,DeltaLake,Children Bicycles
281,Electra Cruiser 7D (24-Inch) Ladies' - 2016/2018,1,1,2018,319.99,2026-04-03T20:36:26,DeltaLake,Electra,2026-04-03T20:36:26,DeltaLake,Children Bicycles
282,Electra Cyclosaurus 1 (16-Inch) - Boy'S - 2018,1,1,2018,279.99,2026-04-03T20:36:26,DeltaLake,Electra,2026-04-03T20:36:26,DeltaLake,Children Bicycles
283,Electra Heartchya 1 (20-Inch) - Girl'S - 2018,1,1,2018,319.99,2026-04-03T20:36:26,DeltaLake,Electra,2026-04-03T20:36:26,DeltaLake,Children Bicycles
284,Electra Savannah 1 (20-Inch) - Girl'S - 2018,1,1,2018,319.99,2026-04-03T20:36:26,DeltaLake,Electra,2026-04-03T20:36:26,DeltaLake,Children Bicycles
285,Electra Soft Serve 1 (16-Inch) - Girl'S - 2018,1,1,2018,279.99,2026-04-03T20:36:26,DeltaLake,Electra,2026-04-03T20:36:26,DeltaLake,Children Bicycles
286,"Electra Starship 1 16"" - 2018",1,1,2018,279.99,2026-04-03T20:36:26,DeltaLake,Electra,2026-04-03T20:36:26,DeltaLake,Children Bicycles
287,Electra Straight 8 1 (16-Inch) - Boy'S - 2018,1,1,2018,279.99,2026-04-03T20:36:26,DeltaLake,Electra,2026-04-03T20:36:26,DeltaLake,Children Bicycles
288,Electra Straight 8 1 (20-Inch) - Boy'S - 2018,1,1,2018,389.99,2026-04-03T20:36:26,DeltaLake,Electra,2026-04-03T20:36:26,DeltaLake,Children Bicycles
289,"Electra Superbolt 1 20"" - 2018",1,1,2018,319.99,2026-04-03T20:36:26,DeltaLake,Electra,2026-04-03T20:36:26,DeltaLake,Children Bicycles
290,"Electra Superbolt 3I 20"" - 2018",1,1,2018,369.99,2026-04-03T20:36:26,DeltaLake,Electra,2026-04-03T20:36:26,DeltaLake,Children Bicycles
291,Electra Sweet Ride 1 (20-Inch) - Girl'S - 2018,1,1,2018,319.99,2026-04-03T20:36:26,DeltaLake,Electra,2026-04-03T20:36:26,DeltaLake,Children Bicycles
292,Electra Sweet Ride 3I (20-Inch) - Girls' - 2018,1,1,2018,369.99,2026-04-03T20:36:26,DeltaLake,Electra,2026-04-03T20:36:26,DeltaLake,Children Bicycles
293,Electra Tiger Shark 1 (20-Inch) - Boys' - 2018,1,1,2018,319.99,2026-04-03T20:36:26,DeltaLake,Electra,2026-04-03T20:36:26,DeltaLake,Children Bicycles
294,Electra Tiger Shark 3I (20-Inch) - Boys' - 2018,1,1,2018,369.99,2026-04-03T20:36:26,DeltaLake,Electra,2026-04-03T20:36:26,DeltaLake,Children Bicycles
295,"Electra Treasure 1 20"" - 2018",1,1,2018,319.99,2026-04-03T20:36:26,DeltaLake,Electra,2026-04-03T20:36:26,DeltaLake,Children Bicycles
296,"Electra Treasure 3I 20"" - 2018",1,1,2018,369.99,2026-04-03T20:36:26,DeltaLake,Electra,2026-04-03T20:36:26,DeltaLake,Children Bicycles
297,"Electra Under-The-Sea 1 16"" - 2018",1,1,2018,279.99,2026-04-03T20:36:26,DeltaLake,Electra,2026-04-03T20:36:26,DeltaLake,Children Bicycles
298,Electra Water Lily 1 (16-Inch) - Girl'S - 2018,1,1,2018,279.99,2026-04-03T20:36:26,DeltaLake,Electra,2026-04-03T20:36:26,DeltaLake,Children Bicycles
299,Electra Townie Original 21D - 2018,1,2,2018,559.99,2026-04-03T20:36:26,DeltaLake,Electra,2026-04-03T20:36:26,DeltaLake,Comfort Bicycles
300,Electra Townie Balloon 3I Eq Ladies' - 2018,1,2,2018,799.99,2026-04-03T20:36:26,DeltaLake,Electra,2026-04-03T20:36:26,DeltaLake,Comfort Bicycles
301,Electra Townie Balloon 7I Eq - 2018,1,2,2018,899.99,2026-04-03T20:36:26,DeltaLake,Electra,2026-04-03T20:36:26,DeltaLake,Comfort Bicycles
302,Electra Townie Original 1 - 2018,1,2,2018,449.99,2026-04-03T20:36:26,DeltaLake,Electra,2026-04-03T20:36:26,DeltaLake,Comfort Bicycles
303,Electra Townie Go! 8I - 2017/2018,1,2,2018,2599.99,2026-04-03T20:36:26,DeltaLake,Electra,2026-04-03T20:36:26,DeltaLake,Comfort Bicycles
304,Electra Townie Original 21D Eq - 2017/2018,1,2,2018,679.99,2026-04-03T20:36:26,DeltaLake,Electra,2026-04-03T20:36:26,DeltaLake,Comfort Bicycles
305,Electra Townie Balloon 3I Eq - 2017/2018,1,2,2018,749.99,2026-04-03T20:36:26,DeltaLake,Electra,2026-04-03T20:36:26,DeltaLake,Comfort Bicycles
306,Electra Townie Balloon 7I Eq Ladies' - 2017/2018,1,2,2018,899.99,2026-04-03T20:36:26,DeltaLake,Electra,2026-04-03T20:36:26,DeltaLake,Comfort Bicycles
307,Electra Townie Balloon 8D Eq - 2016/2017/2018,1,2,2018,749.99,2026-04-03T20:36:26,DeltaLake,Electra,2026-04-03T20:36:26,DeltaLake,Comfort Bicycles
308,Electra Townie Balloon 8D Eq Ladies' - 2016/2017/2018,1,2,2018,749.99,2026-04-03T20:36:26,DeltaLake,Electra,2026-04-03T20:36:26,DeltaLake,Comfort Bicycles
309,Electra Townie Commute 27D - 2018,1,2,2018,899.99,2026-04-03T20:36:26,DeltaLake,Electra,2026-04-03T20:36:26,DeltaLake,Comfort Bicycles
310,Electra Townie Commute 27D Ladies - 2018,1,2,2018,899.99,2026-04-03T20:36:26,DeltaLake,Electra,2026-04-03T20:36:26,DeltaLake,Comfort Bicycles
311,Electra Townie Commute 8D - 2018,1,2,2018,749.99,2026-04-03T20:36:26,DeltaLake,Electra,2026-04-03T20:36:26,DeltaLake,Comfort Bicycles
312,Electra Townie Commute 8D Ladies' - 2018,1,2,2018,699.99,2026-04-03T20:36:26,DeltaLake,Electra,2026-04-03T20:36:26,DeltaLake,Comfort Bicycles
313,Electra Townie Original 1 Ladies' - 2018,1,2,2018,449.99,2026-04-03T20:36:26,DeltaLake,Electra,2026-04-03T20:36:26,DeltaLake,Comfort Bicycles
314,Electra Townie Original 21D Eq Ladies' - 2018,1,2,2018,679.99,2026-04-03T20:36:26,DeltaLake,Electra,2026-04-03T20:36:26,DeltaLake,Comfort Bicycles
315,Electra Townie Original 21D Ladies' - 2018,1,2,2018,559.99,2026-04-03T20:36:26,DeltaLake,Electra,2026-04-03T20:36:26,DeltaLake,Comfort Bicycles
316,Trek Checkpoint Alr 4 Women'S - 2019,9,7,2019,1699.99,2026-04-03T20:36:26,DeltaLake,Trek,2026-04-03T20:36:26,DeltaLake,Road Bikes
317,Trek Checkpoint Alr 5 - 2019,9,7,2019,1999.99,2026-04-03T20:36:26,DeltaLake,Trek,2026-04-03T20:36:26,DeltaLake,Road Bikes
318,Trek Checkpoint Alr 5 Women'S - 2019,9,7,2019,1999.99,2026-04-03T20:36:26,DeltaLake,Trek,2026-04-03T20:36:26,DeltaLake,Road Bikes
319,Trek Checkpoint Sl 5 Women'S - 2019,9,7,2019,2799.99,2026-04-03T20:36:26,DeltaLake,Trek,2026-04-03T20:36:26,DeltaLake,Road Bikes
320,Trek Checkpoint Sl 6 - 2019,9,7,2019,3799.99,2026-04-03T20:36:26,DeltaLake,Trek,2026-04-03T20:36:26,DeltaLake,Road Bikes
321,Trek Checkpoint Alr Frameset - 2019,9,7,2019,3199.99,2026-04-03T20:36:26,DeltaLake,Trek,2026-04-03T20:36:26,DeltaLake,Road Bikes
